{"cameraMode":{"drawMode":0,"name":"Shaded","section":"Shading Mode"},"sceneLighting":true,"audioPlay":false,"sceneViewState":{"m_AlwaysRefresh":false,"showFog":true,"showSkybox":true,"showFlares":true,"showImageEffects":true,"showParticleSystems":true,"showVisualEffectGraphs":true,"m_FxEnabled":true},"in2DMode":false,"pivot":{"x":-0.18703532218933106,"y":-0.20552313327789308,"z":-0.21957042813301087},"rotation":{"x":-0.16098128259181977,"y":0.5191352963447571,"z":-0.10027147084474564,"w":-0.833398699760437},"size":1.705291748046875,"orthographic":false}