{"cameraMode":{"drawMode":0,"name":"Shaded","section":"Shading Mode"},"sceneLighting":true,"audioPlay":false,"sceneViewState":{"m_AlwaysRefresh":false,"showFog":true,"showSkybox":true,"showFlares":true,"showImageEffects":true,"showParticleSystems":true,"showVisualEffectGraphs":true,"m_FxEnabled":true},"in2DMode":false,"pivot":{"x":-0.18703532218933106,"y":-0.20552313327789308,"z":-0.21957042813301087},"rotation":{"x":-0.1299515813589096,"y":-0.085560642182827,"z":0.011257726699113846,"w":-0.9877710342407227},"size":1.705291748046875,"orthographic":false}